[
    {
        "title": "Mow the lawn1",
        "project": "House Chores1",
        "elapsed": 6173674,
        "id": "0a4a79cb-b06d-4cb1-883d-549a1e3b66d7",
        "runningSince": null
    },
    {
        "title": "Clear paper jam2",
        "project": "Office Chores2",
        "elapsed": 6168940,
        "id": "a73c1d19-f32d-4aff-b470-cea4e792406a",
        "runningSince": null
    },
    {
        "title": "Ponder origins of universe",
        "project": "Life Chores",
        "id": "2c43306e-5b44-4ff8-8753-33c35adbd06f",
        "elapsed": 6170019,
        "runningSince": null
    }
]